title,duration,upload_date,view_count,webpage_url
Joe Rogan Experience #2428 - Michael P. Masters,2 时 48 分,2025-12-18,918849,https://www.youtube.com/watch?v=shmDI4tMeuo
Joe Rogan Experience #2427 - Bret Weinstein,3 时 14 分,2025-12-17,824088,https://www.youtube.com/watch?v=WX_te6X-0aQ
Joe Rogan Experience #2426 - Cameron Hanes & Adam Greentree,3 时 8 分,2025-12-16,566959,https://www.youtube.com/watch?v=bdhaUe6dhvM
Joe Rogan Experience #2425 - Ethan Hawke,2 时 21 分,2025-12-11,1282647,https://www.youtube.com/watch?v=yTLPVl0y1v4
Joe Rogan Experience #2424 - Jelly Roll,2 时 34 分,2025-12-10,1696222,https://www.youtube.com/watch?v=UWz6_CXt5T8
JRE MMA Show #171 with Brendan Allen,2 时 52 分,2025-12-09,349476,https://www.youtube.com/watch?v=Qv40NUnRnZo
Joe Rogan Experience #2423 - John Cena,2 时 11 分,2025-12-05,3384318,https://www.youtube.com/watch?v=sJ4Ho4ccuFg
Joe Rogan Experience #2422 - Jensen Huang,2 时 28 分,2025-12-03,2942236,https://www.youtube.com/watch?v=3hptKYix4X8
"Joe Rogan Experience #2421 - Derek, More Plates More Dates",2 时 53 分,2025-12-02,705912,https://www.youtube.com/watch?v=yxpoZNMQcdU
Joe Rogan Experience #2420 - Chris Masterjohn,2 时 19 分,2025-11-29,626046,https://www.youtube.com/watch?v=QBn54YNnKD0
Joe Rogan Experience #2419 - John Lisle,2 时 39 分,2025-11-27,810259,https://www.youtube.com/watch?v=ZrUQdGi0HF8
Joe Rogan Experience #2418 - Chris Williamson,2 时 49 分,2025-11-26,1325260,https://www.youtube.com/watch?v=F8qxwts_bE4
Joe Rogan Experience #2417 - Ben van Kerkwyk,2 时 48 分,2025-11-25,1639316,https://www.youtube.com/watch?v=dzdblMCp5a4
Joe Rogan Experience #2416 - Dan Farah,2 时 24 分,2025-11-21,1732631,https://www.youtube.com/watch?v=NSFaaq3vhfY
Joe Rogan Experience #2415 - Adam Ray,2 时 18 分,2025-11-20,829000,https://www.youtube.com/watch?v=Z-MIlZvjpus
Joe Rogan Experience #2414 - Brian Simpson,2 时 20 分,2025-11-19,394562,https://www.youtube.com/watch?v=FM463bp-UdM
Joe Rogan Experience #2413 - Theo Von,2 时 54 分,2025-11-18,4282319,https://www.youtube.com/watch?v=OOUc_0-oKRE
Joe Rogan Experience #2412 - Adam Carolla,2 时 54 分,2025-11-14,1296164,https://www.youtube.com/watch?v=mzSapYmzA_g
Joe Rogan Experience #2411 - Gavin de Becker,2 时 29 分,2025-11-13,941701,https://www.youtube.com/watch?v=u04t4fkBIeM
Joe Rogan Experience #2410 - Jeff Dye,3 时 1 分,2025-11-12,631870,https://www.youtube.com/watch?v=AXez6WQzvEU
Joe Rogan Experience #2409 - Brian Redban,2 时 51 分,2025-11-11,896923,https://www.youtube.com/watch?v=_5tIELL-2XQ
Joe Rogan Experience #2408 - Bret Weinstein,3 时 8 分,2025-11-08,1743992,https://www.youtube.com/watch?v=gXbsq5nVmT0
Joe Rogan Experience #2407 - Billy Bob Thornton,2 时 58 分,2025-11-07,2389507,https://www.youtube.com/watch?v=0loSsJ1mHVE
Joe Rogan Experience #2406 - Russell Crowe,2 时 58 分,2025-11-05,1926412,https://www.youtube.com/watch?v=P4G2KGEkSyI
Joe Rogan Experience #2405 - Luis J Gomez & Big Jay Oakerson,2 时 52 分,2025-11-04,834587,https://www.youtube.com/watch?v=J1WyFLHPqro
Joe Rogan Experience #2404 - Elon Musk,3 时 18 分,2025-10-31,10621046,https://www.youtube.com/watch?v=O4wBUysNe2k
Joe Rogan Experience #2403 - Andrew Gallimore,2 时 35 分,2025-10-30,648346,https://www.youtube.com/watch?v=IErO3RuGTXE
Joe Rogan Experience #2402 - Miranda Lambert,2 时 29 分,2025-10-29,625259,https://www.youtube.com/watch?v=oTwB8R6qmm8
Joe Rogan Experience #2401 - Avi Loeb,2 时 14 分,2025-10-28,2202064,https://www.youtube.com/watch?v=EaAun27gftk
Joe Rogan Experience #2400 - Katee Sackhoff,2 时 32 分,2025-10-25,798016,https://www.youtube.com/watch?v=TZu7jymfHrU
Joe Rogan Experience #2399 - Daryl Davis & Jeff Schoep,2 时 17 分,2025-10-23,625915,https://www.youtube.com/watch?v=HwpYMYnAsz4
Joe Rogan Experience #2398 - Francis Foster & Konstantin Kisin,2 时 57 分,2025-10-22,1454211,https://www.youtube.com/watch?v=0sdLHGb5Wzs
Joe Rogan Experience #2397 - Richard Lindzen & William Happer,2 时 11 分,2025-10-21,1102579,https://www.youtube.com/watch?v=Zt32chvO_iY
Joe Rogan Experience #2396 - Andrew Schulz,3 时 36 分,2025-10-18,1924138,https://www.youtube.com/watch?v=ko5htRmVIrU
Joe Rogan Experience #2395 - Mariana van Zeller,2 时 49 分,2025-10-17,865271,https://www.youtube.com/watch?v=5P4Mu4X_zk4
Joe Rogan Experience #2394 - Palmer Luckey,3 时 3 分,2025-10-16,1890221,https://www.youtube.com/watch?v=-9LFj6YOK2U
Joe Rogan Experience #2393 - Bryan Callen,2 时 48 分,2025-10-15,766253,https://www.youtube.com/watch?v=TvuQr0g5oXI
Joe Rogan Experience #2392 - John Kiriakou,2 时 31 分,2025-10-10,3278259,https://www.youtube.com/watch?v=TZqADzuu73g
Joe Rogan Experience #2391 - Duncan Trussell,2 时 41 分,2025-10-09,1143061,https://www.youtube.com/watch?v=idMttGtm76M
Joe Rogan Experience #2390 - Jack Carr,2 时 33 分,2025-10-08,583145,https://www.youtube.com/watch?v=mpVrOM66khc
Joe Rogan Experience #2389 - Sal Vulcano,2 时 45 分,2025-10-07,859949,https://www.youtube.com/watch?v=J4gQ7k6meHs
"JRE MMA Show #170 with Michael ""Venom"" Page",2 时 33 分,2025-10-03,756822,https://www.youtube.com/watch?v=5Er_88yJov4
Joe Rogan Experience #2388 - Lionel Richie,2 时 18 分,2025-10-02,754181,https://www.youtube.com/watch?v=MiDNZJgnRRQ
Joe Rogan Experience #2387 - Gregg Braden,2 时 44 分,2025-10-01,1533595,https://www.youtube.com/watch?v=J3Wqw8Az7TA
Joe Rogan Experience #2386 - The Red Clay Strays,2 时 24 分,2025-09-30,606950,https://www.youtube.com/watch?v=ImyXm4Oag5M
Joe Rogan Experience #2385 - Rick Strassman,3 时 9 分,2025-09-26,779673,https://www.youtube.com/watch?v=qxj8M4ewjS0
Joe Rogan Experience #2384 - Mark Kerr,3 时 3 分,2025-09-25,604294,https://www.youtube.com/watch?v=A0htXxbbq84
Joe Rogan Experience #2383 - Ian Edwards,2 时 46 分,2025-09-24,393658,https://www.youtube.com/watch?v=tFWuq28dkYs
Joe Rogan Experience #2382 - Andrew Santino,3 时 4 分,2025-09-23,2467446,https://www.youtube.com/watch?v=6djZKYdz5ig
Joe Rogan Experience #2381 - Taylor Kitsch,2 时 46 分,2025-09-18,1100756,https://www.youtube.com/watch?v=nwvOXG9ViRM
